id,first_name,last_name,email,gender,ip_address
1,Josh,Karchowski,jkarchowski0@elegantthemes.com,Male,202.213.226.23
2,Georgiana,Maxwaile,gmaxwaile1@cargocollective.com,Female,134.136.46.43
3,Aviva,Sawle,asawle2@tinypic.com,Female,141.30.131.22
4,Bondon,Trye,btrye3@state.tx.us,Male,28.85.215.250
5,Wald,Shobrook,wshobrook4@omniture.com,Male,118.17.39.218
6,Mikey,Cordelle,mcordelle5@go.com,Male,231.225.53.56
7,Doralynn,Fallon,dfallon6@drupal.org,Female,68.152.102.145
8,Johanna,Clarricoates,jclarricoates7@mapy.cz,Female,247.188.56.61
9,Braden,Nettles,bnettles8@cnbc.com,Male,219.150.180.189
10,Valentin,Chetwynd,vchetwynd9@weibo.com,Male,120.122.119.9
11,Gail,Ruilton,gruiltona@wisc.edu,Male,118.129.11.186
12,Gael,McNeill,gmcneillb@php.net,Male,137.218.208.190
13,Clementina,Cranstoun,ccranstounc@liveinternet.ru,Female,50.201.217.130
14,Tiphani,Duiguid,tduiguidd@feedburner.com,Female,195.215.60.16
15,Luise,Bonwell,lbonwelle@sakura.ne.jp,Female,113.42.17.94
16,Melissa,Garrettson,mgarrettsonf@tuttocitta.it,Female,131.161.33.184
17,Malvin,Berdale,mberdaleg@amazon.de,Male,185.220.112.9
18,Rosy,Feldmann,rfeldmannh@skype.com,Female,174.69.172.124
19,Vito,Barck,vbarcki@icio.us,Male,105.251.57.60
20,Cesare,Baythrop,cbaythropj@time.com,Genderfluid,5.0.181.41
21,Dayle,Sawle,dsawlek@cnbc.com,Female,8.230.12.144
22,Lavena,Ledgley,lledgleyl@hugedomains.com,Polygender,112.75.97.113
23,Stacie,Cutcliffe,scutcliffem@cafepress.com,Female,30.104.146.204
24,Sondra,O' Shea,soshean@marriott.com,Female,205.252.248.252
25,Farlie,Mitchely,fmitchelyo@facebook.com,Male,232.181.85.151
26,Florette,Wroath,fwroathp@cpanel.net,Female,16.200.60.58
27,Nathan,Yakovich,nyakovichq@admin.ch,Non-binary,202.89.99.0
28,Collette,Adamovsky,cadamovskyr@japanpost.jp,Genderfluid,220.19.223.219
29,Allie,Crookshanks,acrookshankss@disqus.com,Male,199.57.129.181
30,Hernando,Molesworth,hmoleswortht@domainmarket.com,Male,80.117.253.215
31,Robert,Killeley,rkilleleyu@etsy.com,Male,253.238.172.138
32,Sherie,McSkeagan,smcskeaganv@liveinternet.ru,Female,94.8.97.59
33,Ive,Coule,icoulew@naver.com,Male,49.28.241.31
34,Wiatt,Hearsum,whearsumx@umich.edu,Male,252.32.170.5
35,Rockey,Ridgeway,rridgewayy@skyrock.com,Male,57.184.189.59
36,Millard,Riguard,mriguardz@theglobeandmail.com,Male,98.2.198.243
37,Dalton,Smeall,dsmeall10@amazon.com,Male,90.123.51.139
38,Theo,Josefson,tjosefson11@geocities.com,Female,131.214.174.28
39,Jillene,Quarterman,jquarterman12@slideshare.net,Female,63.113.33.104
40,Sasha,Masters,smasters13@earthlink.net,Female,243.254.143.175
41,Bernarr,Robertacci,brobertacci14@51.la,Male,152.185.107.33
42,Van,McTrustey,vmctrustey15@mediafire.com,Male,243.38.116.162
43,Charmion,Hame,chame16@google.com,Polygender,45.184.126.13
44,Terry,Farncombe,tfarncombe17@list-manage.com,Female,91.237.231.186
45,Electra,Regan,eregan18@apple.com,Female,211.40.126.191
46,Thorsten,Ambroix,tambroix19@imdb.com,Male,212.237.22.0
47,Abrahan,Pyffe,apyffe1a@imgur.com,Male,66.33.0.207
48,Rolph,Dangl,rdangl1b@usgs.gov,Polygender,179.95.250.197
49,Danella,Walasik,dwalasik1c@google.it,Female,171.89.200.190
50,Jedd,Blundell,jblundell1d@google.cn,Male,139.245.179.250
51,Gwenneth,Timny,gtimny1e@sitemeter.com,Female,240.229.8.87
52,Berke,Hayes,bhayes1f@hugedomains.com,Male,4.129.118.231
53,Elva,MacCaull,emaccaull1g@yale.edu,Non-binary,252.99.151.207
54,Hersch,Lumsdale,hlumsdale1h@wikia.com,Male,249.161.210.201
55,Taite,Clymo,tclymo1i@mail.ru,Male,38.108.238.91
56,Franz,O'Hannen,fohannen1j@fastcompany.com,Male,29.4.84.238
57,Rochell,MacAllaster,rmacallaster1k@independent.co.uk,Female,204.177.200.128
58,Chiquia,Lulham,clulham1l@nationalgeographic.com,Female,71.191.177.146
59,Reed,Amthor,ramthor1m@nba.com,Male,243.51.203.252
60,Lorettalorna,Stansell,lstansell1n@symantec.com,Female,154.6.240.129
61,Judi,Gregolotti,jgregolotti1o@liveinternet.ru,Female,1.21.120.99
62,Mada,Silverstone,msilverstone1p@soundcloud.com,Female,80.2.205.255
63,Derick,Heathfield,dheathfield1q@salon.com,Bigender,207.194.133.210
64,Irita,Wetter,iwetter1r@java.com,Female,116.20.61.204
65,Jeffie,Earie,jearie1s@newyorker.com,Male,151.32.13.152
66,Nealson,Vinker,nvinker1t@networksolutions.com,Male,185.112.188.155
67,Harlin,Bury,hbury1u@amazonaws.com,Male,149.85.65.80
68,Cora,Strickler,cstrickler1v@washington.edu,Female,224.182.95.99
69,Melantha,Cornelis,mcornelis1w@addthis.com,Female,70.51.158.247
70,Stinky,Sell,ssell1x@tmall.com,Male,67.3.5.106
71,Pippy,Callingham,pcallingham1y@tiny.cc,Female,245.36.119.196
72,Alina,Seniour,aseniour1z@vinaora.com,Non-binary,55.112.56.133
73,Hyacinthie,Pococke,hpococke20@go.com,Female,227.57.5.126
74,Thaddeus,Dicky,tdicky21@paginegialle.it,Male,40.129.96.194
75,Cati,Mugleston,cmugleston22@usa.gov,Female,236.49.45.117
76,Bernita,Blease,bblease23@ucla.edu,Female,68.119.16.162
77,Arley,Morrott,amorrott24@mac.com,Non-binary,238.142.134.252
78,Deidre,Matis,dmatis25@tinyurl.com,Female,250.120.112.86
79,Roanna,Spearing,rspearing26@loc.gov,Female,127.86.183.94
80,Ferrel,Swetenham,fswetenham27@economist.com,Male,250.1.215.249
81,Gunar,Montrose,gmontrose28@amazon.de,Male,4.32.204.117
82,Ottilie,Figgures,ofiggures29@mozilla.org,Female,244.38.78.98
83,Eolanda,McHugh,emchugh2a@blogtalkradio.com,Female,252.251.162.105
84,Aurelea,Blue,ablue2b@admin.ch,Female,224.16.70.199
85,Bearnard,Rumming,brumming2c@tamu.edu,Male,52.240.80.112
86,Troy,Leathe,tleathe2d@mapquest.com,Male,228.31.89.220
87,Afton,Frazer,afrazer2e@redcross.org,Polygender,3.204.95.138
88,Abigael,Ridsdell,aridsdell2f@biglobe.ne.jp,Female,204.107.239.19
89,Serena,Vardie,svardie2g@odnoklassniki.ru,Female,127.168.96.183
90,Barb,Santen,bsanten2h@msn.com,Female,240.209.191.204
91,Johnathan,Kleinplac,jkleinplac2i@ovh.net,Male,113.35.187.168
92,Ansell,Sinnatt,asinnatt2j@thetimes.co.uk,Genderfluid,145.11.99.83
93,Evangelina,Casswell,ecasswell2k@home.pl,Female,149.203.82.68
94,Therese,Gerasch,tgerasch2l@skype.com,Female,196.59.6.36
95,Bibbie,Witherbed,bwitherbed2m@europa.eu,Female,79.153.22.47
96,Raddie,Ales,rales2n@apache.org,Male,139.125.137.130
97,Ruth,Winstone,rwinstone2o@google.es,Female,248.130.80.113
98,Gianna,Dossantos,gdossantos2p@ocn.ne.jp,Female,51.5.152.110
99,Llewellyn,Christofor,lchristofor2q@blogtalkradio.com,Male,45.76.239.99
100,Giles,Calloway,gcalloway2r@github.com,Agender,33.64.28.187
101,Adolphe,MacTeague,amacteague2s@acquirethisname.com,Male,2.150.22.41
102,Carlo,Scotchforth,cscotchforth2t@posterous.com,Male,26.248.152.155
103,Gail,Kirkby,gkirkby2u@reuters.com,Male,41.244.81.131
104,Heindrick,Matushevitz,hmatushevitz2v@wunderground.com,Male,102.246.115.101
105,Osmund,Pledger,opledger2w@adobe.com,Male,46.74.94.192
106,Trey,Geraldo,tgeraldo2x@cbsnews.com,Male,204.90.29.227
107,Gabey,Baudesson,gbaudesson2y@sohu.com,Female,151.207.70.220
108,Clarence,Betteridge,cbetteridge2z@technorati.com,Genderfluid,70.10.65.213
109,Bear,Steart,bsteart30@washington.edu,Male,14.10.91.11
110,Kelley,Trounce,ktrounce31@ameblo.jp,Female,216.224.217.255
111,Halsey,Mitchelhill,hmitchelhill32@simplemachines.org,Male,119.157.153.63
112,Bettine,Gavagan,bgavagan33@booking.com,Female,6.5.125.174
113,Max,Ebenezer,mebenezer34@apache.org,Male,52.161.84.220
114,Fields,McGinnell,fmcginnell35@guardian.co.uk,Male,50.169.206.202
115,Dudley,Cogman,dcogman36@accuweather.com,Male,131.3.206.136
116,Christos,Coppin,ccoppin37@edublogs.org,Male,159.99.120.8
117,Bud,Dogg,bdogg38@blogspot.com,Male,250.217.36.102
118,Alejandro,Peat,apeat39@hp.com,Male,68.95.206.140
119,Abbott,McGuirk,amcguirk3a@taobao.com,Male,186.61.88.231
120,Cyrille,Kuschel,ckuschel3b@163.com,Male,2.51.223.189
121,Hilde,Newberry,hnewberry3c@gov.uk,Female,228.233.177.50
122,Estrellita,Marcone,emarcone3d@google.ru,Female,100.162.105.39
123,Rickard,Cathel,rcathel3e@theglobeandmail.com,Male,116.5.246.35
124,Cordelia,Baum,cbaum3f@webmd.com,Female,234.235.26.149
125,Wendell,Chadbourn,wchadbourn3g@macromedia.com,Male,102.158.255.102
126,Starr,Howkins,showkins3h@google.com.hk,Female,193.68.84.206
127,Merrile,Fleay,mfleay3i@wordpress.com,Female,187.248.198.209
128,Cherri,Horsey,chorsey3j@reddit.com,Female,172.23.1.239
129,Tammara,Gregson,tgregson3k@home.pl,Agender,253.105.151.80
130,Roxanna,Suscens,rsuscens3l@si.edu,Female,28.167.98.208
131,Whitney,Nelissen,wnelissen3m@nsw.gov.au,Male,175.36.99.115
132,Barry,Clevely,bclevely3n@flickr.com,Agender,187.228.15.119
133,Joan,Hindrich,jhindrich3o@icq.com,Female,204.50.144.3
134,Mylo,MacLese,mmaclese3p@spiegel.de,Male,90.209.182.221
135,Vaclav,Peerless,vpeerless3q@goodreads.com,Male,209.128.103.18
136,Devan,Sharvill,dsharvill3r@google.ru,Female,242.15.205.223
137,Alexandros,Lunck,alunck3s@tumblr.com,Male,146.34.149.138
138,Lenka,Grimestone,lgrimestone3t@ebay.co.uk,Female,48.158.56.106
139,Jayme,Hosier,jhosier3u@privacy.gov.au,Male,170.56.30.185
140,Danya,Hannen,dhannen3v@ycombinator.com,Agender,205.227.112.236
141,Wendel,Peeke-Vout,wpeekevout3w@usgs.gov,Male,132.97.241.72
142,Odille,Mayhow,omayhow3x@cpanel.net,Female,41.36.121.252
143,Joaquin,Barde,jbarde3y@weebly.com,Male,58.11.137.132
144,Alix,Hollerin,ahollerin3z@ow.ly,Female,218.210.138.196
145,Emerson,Yoselevitch,eyoselevitch40@disqus.com,Male,231.40.57.216
146,Shoshanna,Gorbell,sgorbell41@elegantthemes.com,Female,165.225.134.31
147,Amii,Dohmer,adohmer42@omniture.com,Polygender,20.31.38.134
148,Etty,Harbor,eharbor43@google.com.hk,Female,106.60.13.74
149,Phyllida,Duddridge,pduddridge44@reverbnation.com,Female,212.43.207.144
150,Abner,Blount,ablount45@deviantart.com,Male,19.29.120.234
151,Melisandra,Westcott,mwestcott46@chronoengine.com,Bigender,71.140.130.185
152,Adlai,Kleimt,akleimt47@ucla.edu,Male,21.230.128.123
153,Margaret,Everson,meverson48@accuweather.com,Female,47.44.245.232
154,Delinda,Gross,dgross49@msu.edu,Female,4.231.246.197
155,Hank,De Dei,hdedei4a@mozilla.org,Male,57.153.95.57
156,Randell,Storr,rstorr4b@gmpg.org,Male,45.125.117.39
157,Isador,Pickerin,ipickerin4c@guardian.co.uk,Male,146.233.129.117
158,Johan,Wolfenden,jwolfenden4d@oakley.com,Genderfluid,75.127.68.161
159,Gareth,Hilling,ghilling4e@clickbank.net,Male,178.249.208.48
160,Rudolfo,Shorter,rshorter4f@ucla.edu,Male,109.95.243.68
161,Prescott,Roads,proads4g@topsy.com,Male,181.64.116.91
162,Taylor,Ragbourn,tragbourn4h@bluehost.com,Male,139.96.38.130
163,Roxi,Waghorn,rwaghorn4i@usda.gov,Female,234.19.61.112
164,Flor,Malinowski,fmalinowski4j@abc.net.au,Female,76.55.169.141
165,Rivi,Wassung,rwassung4k@dyndns.org,Female,77.75.112.209
166,Dori,Brierly,dbrierly4l@patch.com,Female,189.154.201.128
167,Abrahan,Climar,aclimar4m@msu.edu,Male,70.216.196.145
168,Ulick,Risson,urisson4n@ebay.com,Male,24.35.55.133
169,Derk,Gotobed,dgotobed4o@nasa.gov,Male,115.59.91.17
170,Artemas,Wadwell,awadwell4p@china.com.cn,Male,133.35.69.38
171,Marj,Flipsen,mflipsen4q@epa.gov,Female,44.165.102.157
172,Griswold,Gerrish,ggerrish4r@telegraph.co.uk,Male,17.131.161.37
173,Elvera,Larive,elarive4s@army.mil,Female,127.248.83.31
174,Kristoforo,Merrisson,kmerrisson4t@goo.gl,Male,238.108.81.55
175,Jerad,Syddall,jsyddall4u@economist.com,Male,24.166.138.219
176,Deb,Facer,dfacer4v@sbwire.com,Female,111.173.159.211
177,Dorian,Iwanowicz,diwanowicz4w@bbb.org,Female,150.105.210.37
178,Kizzee,Pourvoieur,kpourvoieur4x@last.fm,Female,248.210.158.216
179,Caroljean,Fidele,cfidele4y@state.tx.us,Female,54.155.57.49
180,Sheilah,Bayston,sbayston4z@marketwatch.com,Female,229.40.220.72
181,Mag,Cornewall,mcornewall50@about.com,Female,151.115.214.32
182,Marijn,Diggins,mdiggins51@a8.net,Male,27.197.135.61
183,Sasha,Bussons,sbussons52@discovery.com,Male,234.198.208.186
184,Sheffy,Burnyate,sburnyate53@opera.com,Male,0.1.60.219
185,Niels,Grabban,ngrabban54@booking.com,Male,234.162.115.252
186,Gaylene,Judkin,gjudkin55@sitemeter.com,Agender,60.114.227.187
187,Kellina,Surgen,ksurgen56@cam.ac.uk,Female,33.160.108.115
188,Quincy,Marshalleck,qmarshalleck57@a8.net,Male,222.181.33.130
189,Silvester,Kiggel,skiggel58@bigcartel.com,Male,202.229.95.112
190,Sabrina,Hugk,shugk59@patch.com,Female,158.59.12.119
191,Dolly,Sessions,dsessions5a@quantcast.com,Female,120.19.239.59
192,Viv,Acey,vacey5b@163.com,Female,179.157.255.154
193,Gaston,Vanderson,gvanderson5c@ask.com,Male,69.10.104.242
194,Prue,Weatherup,pweatherup5d@samsung.com,Female,148.117.5.246
195,Bernarr,Bellow,bbellow5e@state.tx.us,Male,44.31.109.145
196,Jasper,Tattersfield,jtattersfield5f@usnews.com,Male,130.253.153.177
197,Ky,Klampt,kklampt5g@mayoclinic.com,Male,41.192.126.30
198,Ardene,Gaskarth,agaskarth5h@forbes.com,Female,250.200.37.71
199,Barry,Stathers,bstathers5i@yale.edu,Male,57.221.32.135
200,Brander,Berick,bberick5j@smugmug.com,Male,228.80.51.187
201,Kamillah,Moseley,kmoseley5k@chron.com,Female,209.247.158.156
202,Jillene,Tenaunt,jtenaunt5l@go.com,Female,88.25.17.231
203,Jacinta,Buard,jbuard5m@bloomberg.com,Female,52.124.139.238
204,Silvanus,Caneo,scaneo5n@tiny.cc,Male,235.41.89.121
205,Spenser,Regnard,sregnard5o@jimdo.com,Male,40.189.107.84
206,Butch,Neenan,bneenan5p@phoca.cz,Male,234.122.71.75
207,Bengt,Ashurst,bashurst5q@ebay.co.uk,Male,11.245.59.33
208,Babette,Cruft,bcruft5r@delicious.com,Female,99.44.229.178
209,Currie,Edelman,cedelman5s@umn.edu,Male,120.162.20.67
210,Earvin,Rosencwaig,erosencwaig5t@accuweather.com,Polygender,125.192.104.190
211,Florentia,Summerhayes,fsummerhayes5u@samsung.com,Female,233.14.251.22
212,Isak,Bevar,ibevar5v@ftc.gov,Male,92.161.61.114
213,Marchelle,Brandacci,mbrandacci5w@bandcamp.com,Female,212.220.120.92
214,Hyacinthia,Work,hwork5x@yelp.com,Female,56.204.63.34
215,Ximenez,Adamsson,xadamsson5y@google.nl,Male,138.181.179.86
216,Bryant,Shackle,bshackle5z@deviantart.com,Male,208.17.88.146
217,Hansiain,Ferronier,hferronier60@redcross.org,Male,88.73.11.224
218,Rodrique,Gerlack,rgerlack61@businessweek.com,Male,216.207.212.13
219,Shirl,Dalliston,sdalliston62@pagesperso-orange.fr,Female,56.157.212.240
220,Weber,Leijs,wleijs63@geocities.jp,Male,45.252.81.54
221,Martita,McSpirron,mmcspirron64@loc.gov,Female,139.143.18.125
222,Nickola,Sarsons,nsarsons65@blogspot.com,Male,131.188.142.184
223,Rip,Kelwaybamber,rkelwaybamber66@slideshare.net,Male,131.99.127.40
224,Kellie,Ghest,kghest67@paypal.com,Female,96.190.233.10
225,Win,Syratt,wsyratt68@mashable.com,Male,213.220.24.37
226,Murdoch,Barks,mbarks69@live.com,Male,129.119.207.229
227,Lucita,Plumptre,lplumptre6a@usda.gov,Female,0.71.30.81
228,Darci,Gaynes,dgaynes6b@cpanel.net,Female,137.78.249.232
229,Marice,Mathouse,mmathouse6c@census.gov,Female,107.55.62.197
230,Zackariah,Kayley,zkayley6d@so-net.ne.jp,Male,199.248.49.109
231,Gail,Ponter,gponter6e@ucsd.edu,Male,241.43.51.8
232,Freedman,MacGettigen,fmacgettigen6f@reference.com,Male,158.35.234.123
233,Vinnie,MacCoughen,vmaccoughen6g@nymag.com,Female,235.179.83.89
234,Bevan,Moro,bmoro6h@squarespace.com,Male,191.111.177.203
235,Leoline,Kinnin,lkinnin6i@naver.com,Female,70.191.100.130
236,Ivette,Follitt,ifollitt6j@yelp.com,Female,152.59.33.223
237,Carmel,Gantlett,cgantlett6k@g.co,Female,137.18.164.46
238,Antonio,Cottee,acottee6l@sciencedirect.com,Male,26.223.9.116
239,Denny,Buckston,dbuckston6m@surveymonkey.com,Female,240.135.153.216
240,Nonna,Howgego,nhowgego6n@yahoo.co.jp,Female,156.209.74.150
241,Essa,Rosewell,erosewell6o@discovery.com,Female,122.51.142.148
242,Kellen,Akess,kakess6p@kickstarter.com,Male,151.66.109.235
243,Pierette,Donett,pdonett6q@wikispaces.com,Female,187.34.94.76
244,Dante,Annable,dannable6r@china.com.cn,Male,244.86.143.120
245,Aleece,Bridie,abridie6s@spotify.com,Female,6.105.191.224
246,Trista,Cuskery,tcuskery6t@squidoo.com,Female,216.224.153.48
247,Glennie,McFarland,gmcfarland6u@cargocollective.com,Female,240.24.48.22
248,Farly,Armall,farmall6v@omniture.com,Male,120.225.115.98
249,Rosella,Mill,rmill6w@nba.com,Female,18.230.187.36
250,Ronni,Dowding,rdowding6x@nsw.gov.au,Female,111.250.209.32
251,Tallia,Kensit,tkensit6y@a8.net,Female,252.174.119.182
252,Packston,Hame,phame6z@cargocollective.com,Male,100.62.187.197
253,Salomo,Fieldsend,sfieldsend70@bbb.org,Male,15.134.146.120
254,Dominique,Tellenbrok,dtellenbrok71@si.edu,Male,103.126.252.58
255,Ddene,Oxtoby,doxtoby72@hostgator.com,Female,74.64.96.12
256,Birk,Klesl,bklesl73@acquirethisname.com,Male,223.3.221.249
257,Brooke,Oldfield,boldfield74@utexas.edu,Male,3.161.79.150
258,Isabelle,Bosma,ibosma75@opensource.org,Female,16.61.209.47
259,Ana,Bouts,abouts76@ted.com,Female,138.242.139.89
260,Morty,Simoni,msimoni77@issuu.com,Male,76.1.87.9
261,Bancroft,Jury,bjury78@epa.gov,Male,83.118.168.40
262,Ethan,Franz-Schoninger,efranzschoninger79@fema.gov,Male,41.49.31.23
263,Karel,Roll,kroll7a@adobe.com,Genderfluid,138.41.15.120
264,Gail,Yelding,gyelding7b@free.fr,Non-binary,53.239.211.106
265,Gun,Wike,gwike7c@cbc.ca,Male,87.154.228.129
266,Fanny,Aloshechkin,faloshechkin7d@google.de,Genderfluid,203.122.228.73
267,Dyanna,Leftwich,dleftwich7e@cisco.com,Female,31.197.146.181
268,Kacey,Whittleton,kwhittleton7f@sakura.ne.jp,Female,218.162.211.165
269,Clarance,Tearney,ctearney7g@jiathis.com,Male,106.220.163.84
270,Doyle,Churchin,dchurchin7h@nsw.gov.au,Male,228.232.212.78
271,Tades,Ziemens,tziemens7i@cnet.com,Male,105.148.92.137
272,Wolfy,Crampsy,wcrampsy7j@mapy.cz,Male,136.201.171.96
273,Brynn,Birtwistle,bbirtwistle7k@bbc.co.uk,Female,175.47.2.127
274,Diahann,Huntingford,dhuntingford7l@ucoz.ru,Female,28.228.157.206
275,Tatiania,Gonin,tgonin7m@hp.com,Female,67.58.8.209
276,Christophe,Stairmand,cstairmand7n@t-online.de,Male,188.25.213.212
277,Jenda,Townby,jtownby7o@google.it,Female,139.248.227.239
278,Herbie,O'Malley,homalley7p@lycos.com,Male,14.99.125.58
279,Harman,Van Arsdall,hvanarsdall7q@china.com.cn,Male,194.131.117.181
280,Marty,Jirousek,mjirousek7r@geocities.jp,Male,51.155.152.9
281,Urbanus,Littlewood,ulittlewood7s@instagram.com,Male,92.92.131.2
282,Madge,Fairfoull,mfairfoull7t@nydailynews.com,Female,229.32.212.116
283,Rois,Megarry,rmegarry7u@telegraph.co.uk,Female,88.207.75.207
284,Gallard,Kingsford,gkingsford7v@si.edu,Male,5.225.247.73
285,Elliot,Hruska,ehruska7w@si.edu,Male,71.219.190.135
286,Holt,Beagen,hbeagen7x@eventbrite.com,Male,36.193.142.89
287,Aron,Derkes,aderkes7y@tinypic.com,Male,175.182.186.118
288,Rourke,Benjefield,rbenjefield7z@bloglovin.com,Male,156.132.233.37
289,Camile,Gaskoin,cgaskoin80@addthis.com,Agender,111.187.77.194
290,Clio,Faccini,cfaccini81@youku.com,Bigender,252.211.15.80
291,Layla,Filde,lfilde82@mlb.com,Female,204.118.246.22
292,Dimitry,Thornewill,dthornewill83@cam.ac.uk,Male,247.90.244.79
293,Deana,Maclaine,dmaclaine84@ow.ly,Female,140.117.195.159
294,Wendy,Kubiczek,wkubiczek85@irs.gov,Female,177.166.165.119
295,Tabbatha,Renwick,trenwick86@jiathis.com,Female,105.229.1.3
296,Barb,Daffey,bdaffey87@istockphoto.com,Female,158.191.190.217
297,Rania,Dunbavin,rdunbavin88@time.com,Female,201.240.172.84
298,Carlota,Jiru,cjiru89@fastcompany.com,Female,53.252.156.36
299,Kylen,Ivashinnikov,kivashinnikov8a@wired.com,Female,74.199.177.137
300,Dotty,Meininger,dmeininger8b@geocities.jp,Female,20.110.63.34
301,Marna,Winthrop,mwinthrop8c@newsvine.com,Female,129.5.150.80
302,Nerti,Scriver,nscriver8d@army.mil,Female,81.5.194.156
303,Aylmar,Ballach,aballach8e@narod.ru,Male,169.10.4.164
304,Lazar,Lalor,llalor8f@tmall.com,Male,77.246.71.173
305,Mildred,Sweeting,msweeting8g@jiathis.com,Female,32.33.250.99
306,Alexina,Keniwell,akeniwell8h@chronoengine.com,Female,144.200.129.117
307,Bonny,Vanezis,bvanezis8i@sphinn.com,Female,235.81.175.71
308,Les,Galbraith,lgalbraith8j@time.com,Male,91.111.173.22
309,Jennine,Overil,joveril8k@ucoz.com,Female,24.82.189.246
310,Emilie,Wagenen,ewagenen8l@yale.edu,Female,164.239.158.223
311,Eugenie,Caldeyroux,ecaldeyroux8m@technorati.com,Female,212.24.25.173
312,Herschel,Orgel,horgel8n@npr.org,Male,176.71.203.126
313,Lou,Trodden,ltrodden8o@newsvine.com,Male,202.48.62.248
314,Noel,Gutowska,ngutowska8p@nbcnews.com,Female,228.202.153.202
315,Jo-ann,Daws,jdaws8q@ebay.com,Female,130.223.3.148
316,Grange,Bertome,gbertome8r@redcross.org,Male,199.128.176.22
317,Ferdinand,Iceton,ficeton8s@github.io,Male,142.168.190.12
318,Lucinda,Molineux,lmolineux8t@cdbaby.com,Female,173.146.156.123
319,Jessa,Laytham,jlaytham8u@ezinearticles.com,Female,14.196.235.89
320,Skippie,Snugg,ssnugg8v@youtube.com,Male,44.152.2.168
321,Mano,Murrigan,mmurrigan8w@unblog.fr,Male,25.234.235.48
322,Tresa,Veryan,tveryan8x@cargocollective.com,Female,211.255.201.22
323,Jessy,Danaher,jdanaher8y@weebly.com,Female,232.44.174.108
324,Else,Chieze,echieze8z@salon.com,Female,28.59.98.70
325,Alleen,Ripper,aripper90@forbes.com,Female,80.245.117.83
326,Fraser,Baume,fbaume91@imdb.com,Male,95.120.172.245
327,Leeland,Pashan,lpashan92@storify.com,Male,48.59.237.68
328,Benedetto,Saywell,bsaywell93@house.gov,Male,5.94.110.211
329,Ashely,Cescot,acescot94@weebly.com,Female,174.99.92.3
330,Nettle,Lumley,nlumley95@slideshare.net,Female,108.54.23.220
331,Arel,Ebben,aebben96@simplemachines.org,Male,210.116.8.106
332,Lusa,MacRonald,lmacronald97@cyberchimps.com,Female,12.253.112.195
333,Rudie,Jewkes,rjewkes98@theatlantic.com,Male,188.135.36.94
334,Jenny,Wenman,jwenman99@skyrock.com,Female,230.200.125.238
335,Jonis,Pilipets,jpilipets9a@sciencedaily.com,Female,127.12.156.162
336,Benjamen,Bossingham,bbossingham9b@cpanel.net,Male,100.89.39.165
337,Herve,Van der Krui,hvanderkrui9c@mozilla.org,Genderqueer,110.47.148.19
338,Valerie,Wichard,vwichard9d@google.com,Female,122.100.210.93
339,Cart,Wildor,cwildor9e@pinterest.com,Male,145.230.227.113
340,Jany,Fairey,jfairey9f@booking.com,Female,164.153.183.103
341,Ibby,Philps,iphilps9g@harvard.edu,Female,8.50.150.96
342,Staci,Lening,slening9h@woothemes.com,Female,19.235.237.41
343,Giffer,Fullun,gfullun9i@google.com,Male,11.83.159.118
344,Virgil,Keneforde,vkeneforde9j@businessinsider.com,Male,51.184.65.155
345,Jose,Sackler,jsackler9k@walmart.com,Male,61.20.76.129
346,Raviv,Cornils,rcornils9l@yandex.ru,Agender,22.105.22.164
347,Reggis,Coldwell,rcoldwell9m@twitter.com,Male,191.144.126.14
348,Grace,Rudsdell,grudsdell9n@goo.gl,Female,86.208.1.255
349,Sam,Skermer,sskermer9o@google.com.au,Male,240.124.180.60
350,Billie,Burfoot,bburfoot9p@hatena.ne.jp,Female,253.183.248.21
351,Stacee,Leatherbarrow,sleatherbarrow9q@tamu.edu,Female,217.72.173.2
352,Ellswerth,Beneteau,ebeneteau9r@telegraph.co.uk,Male,241.106.106.43
353,Faunie,Bundey,fbundey9s@ftc.gov,Non-binary,28.154.128.175
354,Devonna,Laxton,dlaxton9t@csmonitor.com,Female,145.225.30.35
355,Allen,Kilminster,akilminster9u@nydailynews.com,Male,233.210.135.243
356,Christi,Burford,cburford9v@accuweather.com,Female,82.52.80.157
357,Kearney,Hayden,khayden9w@salon.com,Male,235.148.90.67
358,Abbe,Woolaston,awoolaston9x@noaa.gov,Male,251.29.80.40
359,Ninon,Mathevon,nmathevon9y@moonfruit.com,Genderqueer,133.220.56.112
360,Kaylyn,Snedker,ksnedker9z@addthis.com,Female,247.7.220.88
361,Duffy,Floweth,dflowetha0@pcworld.com,Male,67.26.72.82
362,Thatch,Hebron,thebrona1@webeden.co.uk,Male,175.167.91.163
363,Moll,Colten,mcoltena2@canalblog.com,Female,107.63.69.109
364,Sigvard,Stannah,sstannaha3@dagondesign.com,Male,67.201.25.180
365,Caryl,Bestwall,cbestwalla4@sphinn.com,Male,32.33.47.10
366,Cassy,Gorgler,cgorglera5@jigsy.com,Female,22.138.52.210
367,Reeba,Portinari,rportinaria6@weather.com,Female,67.170.33.150
368,Moselle,Balaam,mbalaama7@tamu.edu,Female,219.222.89.17
369,Jamill,Vynoll,jvynolla8@reddit.com,Male,143.7.81.205
370,Torrie,Bittlestone,tbittlestonea9@senate.gov,Female,17.249.185.246
371,Fidelity,Mea,fmeaaa@simplemachines.org,Female,144.119.206.213
372,Rozele,Saurin,rsaurinab@latimes.com,Female,131.221.84.115
373,Casper,Boulger,cboulgerac@xing.com,Male,149.101.118.55
374,Sherilyn,Mountain,smountainad@liveinternet.ru,Genderqueer,48.158.20.186
375,Claudie,Van der Linde,cvanderlindeae@auda.org.au,Female,226.235.58.121
376,Curtis,Callicott,ccallicottaf@si.edu,Male,229.194.127.94
377,Nolie,McGrudder,nmcgrudderag@constantcontact.com,Female,16.171.134.70
378,Consuela,Pavlata,cpavlataah@techcrunch.com,Female,89.140.243.254
379,Maxi,Hackinge,mhackingeai@si.edu,Genderqueer,17.233.18.219
380,Una,Cruxton,ucruxtonaj@tripadvisor.com,Female,75.250.178.82
381,Matty,Dmych,mdmychak@comsenz.com,Male,59.233.2.75
382,Winona,Heaffey,wheaffeyal@hud.gov,Female,148.21.204.202
383,Freida,Beals,fbealsam@dailymail.co.uk,Female,248.2.159.38
384,Virginia,Gilhoolie,vgilhooliean@dedecms.com,Female,184.115.159.138
385,Hinda,Tippin,htippinao@mozilla.org,Bigender,229.18.41.29
386,Lorrie,Ackery,lackeryap@epa.gov,Bigender,6.36.146.23
387,Linette,Wiseman,lwisemanaq@npr.org,Female,215.57.253.24
388,Bar,Rolles,brollesar@t.co,Male,197.238.55.79
389,Brod,Punter,bpunteras@paginegialle.it,Male,236.103.28.250
390,Kennie,Ronchi,kronchiat@digg.com,Male,178.59.148.179
391,Red,Comber,rcomberau@nasa.gov,Male,36.211.193.134
392,Rossy,Roache,rroacheav@ameblo.jp,Male,23.215.24.24
393,Gavan,Renehan,grenehanaw@epa.gov,Male,32.156.34.25
394,Martainn,Phelan,mphelanax@unesco.org,Male,114.227.22.18
395,Briney,Courteney,bcourteneyay@deliciousdays.com,Female,29.108.138.20
396,Lia,Korpal,lkorpalaz@webnode.com,Female,16.55.13.244
397,Diego,Edens,dedensb0@narod.ru,Male,165.89.55.31
398,Emmi,Drew-Clifton,edrewcliftonb1@printfriendly.com,Female,78.50.205.40
399,Mitzi,McKniely,mmcknielyb2@printfriendly.com,Female,58.254.16.207
400,Fin,Lenney,flenneyb3@cocolog-nifty.com,Male,81.180.29.217
401,Euell,Denes,edenesb4@tuttocitta.it,Male,128.32.76.121
402,Adriena,Ettery,aetteryb5@rakuten.co.jp,Female,76.255.103.203
403,Dix,Farrin,dfarrinb6@desdev.cn,Female,10.61.128.183
404,Pippo,Quadling,pquadlingb7@phpbb.com,Male,219.70.29.220
405,Etan,Hazelgrove,ehazelgroveb8@archive.org,Male,47.106.89.116
406,Alexander,Campling,acamplingb9@dedecms.com,Male,119.1.167.49
407,Shaylah,Gatch,sgatchba@newsvine.com,Female,140.17.188.209
408,Veronique,Leythley,vleythleybb@php.net,Female,69.224.141.61
409,Gav,Peizer,gpeizerbc@typepad.com,Male,59.176.81.225
410,Willi,Fisbburne,wfisbburnebd@ftc.gov,Non-binary,131.238.110.68
411,Ashlan,Beamond,abeamondbe@cmu.edu,Female,208.103.84.0
412,Leigh,Lorenzin,llorenzinbf@vk.com,Male,99.81.170.110
413,Loraine,Helgass,lhelgassbg@jimdo.com,Female,70.118.172.171
414,Birch,Padginton,bpadgintonbh@vistaprint.com,Non-binary,221.169.30.176
415,Rolando,Heinreich,rheinreichbi@chron.com,Male,207.149.207.40
416,Amalita,Cheney,acheneybj@biglobe.ne.jp,Female,168.12.219.218
417,Holly-anne,Hallick,hhallickbk@ucla.edu,Female,65.254.222.176
418,Romy,Stener,rstenerbl@weibo.com,Female,215.176.133.223
419,Lizzy,Starkings,lstarkingsbm@privacy.gov.au,Genderqueer,250.123.118.157
420,Lavina,Killner,lkillnerbn@topsy.com,Genderfluid,81.7.2.197
421,Torin,Peacock,tpeacockbo@angelfire.com,Male,160.104.166.189
422,Camellia,Scothorn,cscothornbp@gizmodo.com,Female,121.52.167.11
423,Tiffy,Beany,tbeanybq@biblegateway.com,Polygender,14.169.209.166
424,Celestia,Baldree,cbaldreebr@clickbank.net,Female,113.131.242.22
425,Somerset,Laffoley-Lane,slaffoleylanebs@miibeian.gov.cn,Male,196.197.91.134
426,Delbert,Goudy,dgoudybt@bloglines.com,Male,39.97.47.197
427,Drusilla,Corhard,dcorhardbu@dell.com,Genderfluid,172.51.193.189
428,Rancell,Pergens,rpergensbv@state.gov,Male,97.76.207.177
429,Car,Conwell,cconwellbw@a8.net,Male,145.82.60.182
430,Leshia,Langman,llangmanbx@cdc.gov,Female,157.138.197.35
431,Carver,Florey,cfloreyby@blogspot.com,Male,181.103.12.188
432,Marjy,Shurmer,mshurmerbz@mozilla.org,Female,114.79.23.89
433,Hillie,Tebbit,htebbitc0@rakuten.co.jp,Male,155.14.221.212
434,Ronald,Goodered,rgooderedc1@ebay.com,Male,137.66.140.162
435,Helga,Tripett,htripettc2@walmart.com,Non-binary,222.222.68.185
436,Sebastian,Cadney,scadneyc3@cloudflare.com,Male,4.190.102.2
437,Ansley,Fernao,afernaoc4@icq.com,Female,137.125.156.166
438,Reider,Darby,rdarbyc5@cocolog-nifty.com,Male,102.195.194.11
439,Delbert,Blazek,dblazekc6@feedburner.com,Male,209.29.232.177
440,Janice,McComb,jmccombc7@oaic.gov.au,Female,131.83.234.240
441,Lissie,Tripcony,ltripconyc8@sciencedirect.com,Female,111.123.17.110
442,Trumann,Hepher,thepherc9@nature.com,Male,181.55.53.152
443,Reinald,Tilley,rtilleyca@cbslocal.com,Male,156.184.9.206
444,Zack,Abbay,zabbaycb@eepurl.com,Male,175.52.189.135
445,Gare,Armistead,garmisteadcc@bandcamp.com,Male,107.131.178.95
446,Auberon,Boskell,aboskellcd@bloglines.com,Non-binary,17.21.28.5
447,Rod,Rikel,rrikelce@loc.gov,Male,164.193.239.211
448,Raynor,Witchalls,rwitchallscf@fotki.com,Male,19.177.151.37
449,Brnaby,Losselyong,blosselyongcg@blog.com,Male,112.77.172.238
450,Conant,Daughtery,cdaughterych@wunderground.com,Male,175.177.144.20
451,Lucy,Kernell,lkernellci@mozilla.com,Female,246.148.176.27
452,Grayce,Priddy,gpriddycj@sogou.com,Female,167.0.235.216
453,Fulton,Clandillon,fclandillonck@facebook.com,Male,132.162.30.135
454,Vachel,Valerio,vvaleriocl@hugedomains.com,Male,46.9.75.187
455,Raphael,Ladley,rladleycm@clickbank.net,Male,130.218.33.94
456,Marcia,Welbeck,mwelbeckcn@blogtalkradio.com,Polygender,77.46.155.215
457,Lezley,Cossons,lcossonsco@flickr.com,Male,171.60.171.62
458,Jacklin,Attenbrough,jattenbroughcp@devhub.com,Female,109.186.11.172
459,Gib,Giacubbo,ggiacubbocq@netscape.com,Male,109.186.88.29
460,Cordelie,Trippett,ctrippettcr@domainmarket.com,Female,56.192.52.81
461,Vitia,Patriche,vpatrichecs@comsenz.com,Female,14.230.191.183
462,Janela,Summerside,jsummersidect@icq.com,Female,221.89.226.153
463,Estevan,Inworth,einworthcu@cnbc.com,Male,206.20.173.223
464,Brian,Culross,bculrosscv@soup.io,Male,202.97.248.183
465,Emmye,Pasfield,epasfieldcw@blogtalkradio.com,Female,46.56.91.231
466,Agustin,McBean,amcbeancx@who.int,Male,181.65.98.102
467,Whitney,Manz,wmanzcy@pen.io,Female,110.103.61.248
468,Lettie,Hartington,lhartingtoncz@shop-pro.jp,Female,176.191.218.132
469,Chiarra,Witton,cwittond0@ycombinator.com,Female,67.131.108.172
470,Roseanna,Hawlgarth,rhawlgarthd1@booking.com,Female,202.98.140.186
471,Luke,O'Codihie,locodihied2@seesaa.net,Male,180.193.185.177
472,Tony,Walmsley,twalmsleyd3@netscape.com,Female,236.66.109.232
473,Angie,Glen,aglend4@huffingtonpost.com,Male,227.76.209.87
474,Mindy,Moylane,mmoylaned5@cam.ac.uk,Female,68.127.43.50
475,Shanda,Tocknell,stocknelld6@tripod.com,Female,104.144.80.235
476,Roxanna,Tregian,rtregiand7@google.ru,Female,143.57.70.19
477,Olivero,Suddick,osuddickd8@blog.com,Male,59.24.100.205
478,Beryl,Peter,bpeterd9@51.la,Female,196.152.36.156
479,Louisette,Lampke,llampkeda@webeden.co.uk,Female,13.14.41.119
480,Kikelia,Juares,kjuaresdb@blogs.com,Female,136.139.5.252
481,Ced,Dickin,cdickindc@google.co.jp,Male,228.91.124.248
482,Irv,Sukbhans,isukbhansdd@nymag.com,Male,194.216.12.154
483,Micah,Phipps,mphippsde@bizjournals.com,Male,248.251.255.238
484,Giacomo,Blooman,gbloomandf@ifeng.com,Male,3.163.134.255
485,Marni,Spurret,mspurretdg@squarespace.com,Female,68.38.131.206
486,Pate,Biasetti,pbiasettidh@wiley.com,Male,53.145.88.183
487,Tansy,Tuer,ttuerdi@examiner.com,Female,124.223.193.198
488,Janek,Jory,jjorydj@desdev.cn,Male,181.172.159.0
489,Alfreda,Zanelli,azanellidk@engadget.com,Female,18.98.163.215
490,Reagen,Sharratt,rsharrattdl@yandex.ru,Male,15.247.121.155
491,Spencer,Rubinsky,srubinskydm@blog.com,Male,231.68.93.204
492,Brien,Drewry,bdrewrydn@mit.edu,Male,239.135.88.63
493,Arnoldo,Mohring,amohringdo@people.com.cn,Male,31.53.118.242
494,Inger,Iacivelli,iiacivellidp@paypal.com,Female,44.214.85.86
495,Juana,Haswall,jhaswalldq@flickr.com,Female,54.58.2.80
496,Kristofer,Duffyn,kduffyndr@harvard.edu,Male,168.202.97.104
497,Alvis,Loxton,aloxtonds@ox.ac.uk,Male,176.67.246.22
498,Kelli,Janning,kjanningdt@springer.com,Female,45.213.163.155
499,Aksel,Ashmole,aashmoledu@mlb.com,Male,170.249.230.122
500,Mel,Davidsohn,mdavidsohndv@tuttocitta.it,Male,143.82.64.92
501,Sammy,Jelfs,sjelfsdw@oracle.com,Genderfluid,199.150.222.11
502,Estell,Orbine,eorbinedx@zdnet.com,Female,8.169.10.238
503,Cirilo,Sodory,csodorydy@surveymonkey.com,Male,214.97.71.216
504,Aura,Baden,abadendz@php.net,Female,210.94.177.144
505,Frederique,Battleson,fbattlesone0@sciencedirect.com,Agender,202.31.77.52
506,Raymond,Fletcher,rfletchere1@hao123.com,Bigender,65.120.224.63
507,Shelton,Yeandel,syeandele2@dot.gov,Male,152.250.250.27
508,Ginny,Di Francesco,gdifrancescoe3@instagram.com,Female,26.153.29.10
509,Frankie,Staves,fstavese4@cmu.edu,Male,78.166.247.17
510,Tann,Coats,tcoatse5@rediff.com,Male,175.110.19.200
511,Hakeem,Gerg,hgerge6@macromedia.com,Male,215.36.48.92
512,Emory,Bowgen,ebowgene7@yellowpages.com,Male,177.75.7.114
513,Corabelle,Stanistrete,cstanistretee8@jigsy.com,Female,86.197.5.98
514,Evanne,Feathersby,efeathersbye9@pen.io,Female,217.223.109.241
515,Alic,Canty,acantyea@skyrock.com,Male,132.39.161.249
516,Addison,Rivelin,arivelineb@epa.gov,Genderfluid,208.6.6.166
517,Miriam,Lintall,mlintallec@huffingtonpost.com,Female,248.70.124.157
518,Krissie,Anglim,kanglimed@sina.com.cn,Female,4.182.89.168
519,Carling,Bucham,cbuchamee@biglobe.ne.jp,Male,143.253.199.51
520,Ethelda,Blazdell,eblazdellef@zimbio.com,Female,118.60.118.185
521,Hermon,Balme,hbalmeeg@sbwire.com,Male,43.85.159.214
522,Marylou,Jardin,mjardineh@cafepress.com,Female,152.138.14.209
523,Peder,Trusler,ptruslerei@cnbc.com,Male,43.224.192.185
524,Sallyanne,Camilli,scamilliej@mashable.com,Female,203.193.92.135
525,Harv,Bonnor,hbonnorek@4shared.com,Male,225.245.192.8
526,Beltran,Quarrie,bquarrieel@gravatar.com,Male,10.48.171.101
527,Bo,Matitiaho,bmatitiahoem@wordpress.org,Male,120.137.13.252
528,Euell,Bragginton,ebraggintonen@tamu.edu,Agender,151.26.115.227
529,Liane,Zoephel,lzoepheleo@illinois.edu,Female,62.50.111.69
530,Serene,Tombs,stombsep@amazon.com,Polygender,88.2.176.162
531,Izabel,Livock,ilivockeq@icq.com,Female,156.227.93.123
532,Hillery,Gives,hgiveser@mozilla.org,Male,186.113.191.252
533,Kinny,Semark,ksemarkes@mayoclinic.com,Male,236.42.130.171
534,Kristofer,Gabbat,kgabbatet@bigcartel.com,Male,25.102.63.198
535,Zared,Stanyforth,zstanyfortheu@jugem.jp,Male,149.66.203.86
536,Christel,Bolzmann,cbolzmannev@php.net,Female,58.215.53.39
537,Kylie,Yeandel,kyeandelew@hatena.ne.jp,Genderqueer,1.67.142.141
538,Rubetta,Izatson,rizatsonex@w3.org,Female,37.218.157.104
539,Sheffy,Heskins,sheskinsey@vimeo.com,Genderqueer,121.187.143.135
540,Ingeberg,Pinor,ipinorez@princeton.edu,Female,124.105.255.234
541,Luke,Jewes,ljewesf0@imageshack.us,Male,31.43.218.228
542,Woodrow,Laimable,wlaimablef1@wordpress.org,Male,154.17.132.177
543,Arron,McColm,amccolmf2@nhs.uk,Male,220.5.5.217
544,Stefania,Durn,sdurnf3@washingtonpost.com,Female,175.147.90.118
545,Chaddy,Stiller,cstillerf4@exblog.jp,Male,157.130.72.111
546,Redd,Filipowicz,rfilipowiczf5@yellowbook.com,Male,222.74.11.137
547,Esteban,Faust,efaustf6@wikipedia.org,Male,255.242.56.236
548,Whitaker,Peever,wpeeverf7@umn.edu,Non-binary,175.22.181.166
549,Teirtza,Downage,tdownagef8@flickr.com,Female,128.199.129.85
550,Britteny,Ferriman,bferrimanf9@bizjournals.com,Female,23.179.167.158
551,Joete,Bentall,jbentallfa@ezinearticles.com,Female,155.211.146.37
552,Laurel,Klimmek,lklimmekfb@geocities.com,Female,201.171.222.3
553,Alistair,Menauteau,amenauteaufc@indiegogo.com,Male,80.118.248.214
554,Jon,Rich,jrichfd@phpbb.com,Male,237.54.74.115
555,Miran,Schistl,mschistlfe@tripadvisor.com,Female,134.10.60.236
556,Nikki,Aggiss,naggissff@goo.gl,Male,40.174.12.7
557,Leilah,Gairdner,lgairdnerfg@pcworld.com,Female,166.165.184.40
558,Curtice,Mantram,cmantramfh@woothemes.com,Male,84.194.6.239
559,Bill,Frift,bfriftfi@time.com,Female,1.89.230.251
560,Artur,Earwicker,aearwickerfj@reuters.com,Male,6.38.172.139
561,Bartie,Walkowski,bwalkowskifk@twitter.com,Male,32.169.192.95
562,Hershel,Robardley,hrobardleyfl@youtube.com,Male,15.91.184.52
563,Care,McAvaddy,cmcavaddyfm@macromedia.com,Male,201.169.104.101
564,Halsy,Acosta,hacostafn@theguardian.com,Genderqueer,110.146.178.81
565,Kristyn,Drake,kdrakefo@opensource.org,Female,243.205.177.110
566,Galina,Battista,gbattistafp@yellowbook.com,Female,5.224.33.58
567,Jilleen,Gridon,jgridonfq@creativecommons.org,Female,191.40.45.150
568,Bruis,Tree,btreefr@samsung.com,Genderfluid,116.13.143.90
569,Asia,Hedge,ahedgefs@usda.gov,Female,105.248.185.108
570,Euphemia,Davydzenko,edavydzenkoft@vimeo.com,Female,196.43.9.133
571,Lars,Greser,lgreserfu@flavors.me,Male,227.173.237.94
572,Jesselyn,Strass,jstrassfv@pbs.org,Female,81.74.28.147
573,Ezekiel,Kirkup,ekirkupfw@networksolutions.com,Male,72.117.117.12
574,Chance,Markson,cmarksonfx@hibu.com,Male,200.100.55.119
575,Hetti,Targett,htargettfy@mozilla.org,Female,42.217.102.173
576,Fanchette,Joslin,fjoslinfz@geocities.com,Female,114.186.68.61
577,Warde,Spawton,wspawtong0@cbc.ca,Male,211.73.249.170
578,Maisie,Garoghan,mgaroghang1@themeforest.net,Female,235.6.100.157
579,Kimberlyn,Kosiada,kkosiadag2@unicef.org,Female,181.197.176.32
580,Vincent,Shakesby,vshakesbyg3@biblegateway.com,Male,40.164.207.197
581,Anson,Gatling,agatlingg4@facebook.com,Male,23.251.33.26
582,Tiebold,Flahy,tflahyg5@theglobeandmail.com,Male,29.188.9.5
583,Florry,Pickett,fpickettg6@examiner.com,Female,70.95.30.97
584,Zedekiah,McGloughlin,zmcgloughling7@clickbank.net,Male,18.92.70.230
585,Bealle,Eilers,beilersg8@xrea.com,Male,152.171.37.177
586,Eberto,McKyrrelly,emckyrrellyg9@simplemachines.org,Male,53.131.182.228
587,Enid,McKeachie,emckeachiega@diigo.com,Female,165.97.76.55
588,Eddy,Bourton,ebourtongb@vinaora.com,Male,60.57.213.116
589,Dyna,Hutchins,dhutchinsgc@wix.com,Female,19.134.81.202
590,Marietta,Norcross,mnorcrossgd@state.gov,Female,74.197.20.94
591,Silvester,Fright,sfrightge@dailymotion.com,Male,40.185.200.22
592,Waylen,Kime,wkimegf@jugem.jp,Male,178.218.109.170
593,Rafaelita,McNern,rmcnerngg@youtu.be,Female,50.133.39.199
594,Benyamin,Seven,bsevengh@godaddy.com,Genderfluid,183.228.219.63
595,Danica,Sellens,dsellensgi@hubpages.com,Female,146.175.242.68
596,Bourke,Frede,bfredegj@tinypic.com,Male,248.32.167.130
597,Reynard,Cadamy,rcadamygk@jigsy.com,Agender,156.84.74.16
598,Candida,Whitty,cwhittygl@hp.com,Female,67.32.93.233
599,Hunter,Brookes,hbrookesgm@sfgate.com,Male,12.163.218.174
600,Reiko,Gibbins,rgibbinsgn@npr.org,Female,130.104.130.39
601,Jo,Heinig,jheiniggo@domainmarket.com,Female,41.185.122.245
602,Thorn,Scotson,tscotsongp@cdbaby.com,Genderfluid,245.89.249.115
603,Valry,Arnopp,varnoppgq@wikispaces.com,Female,37.0.184.59
604,Waring,Kave,wkavegr@whitehouse.gov,Male,239.135.35.52
605,Stillmann,Broggini,sbrogginigs@dell.com,Male,113.249.63.193
606,Justinian,Churcher,jchurchergt@businessinsider.com,Male,250.235.172.32
607,Lanny,Hendriks,lhendriksgu@ox.ac.uk,Female,184.159.164.37
608,Rog,Pedwell,rpedwellgv@cyberchimps.com,Male,210.181.252.178
609,Early,Tilbury,etilburygw@ebay.co.uk,Male,231.149.132.12
610,Stephanie,Blucher,sbluchergx@scribd.com,Female,39.249.136.194
611,Lorie,Colyer,lcolyergy@wiley.com,Female,149.95.47.250
612,Taite,Napier,tnapiergz@washingtonpost.com,Male,210.179.69.40
613,Alfonse,Ivashechkin,aivashechkinh0@spotify.com,Male,111.226.194.46
614,Seymour,Benson,sbensonh1@google.fr,Male,153.102.139.159
615,Pierson,Rolland,prollandh2@gravatar.com,Male,93.249.90.133
616,Nickolaus,McNally,nmcnallyh3@delicious.com,Male,166.119.152.56
617,Aprilette,Whenham,awhenhamh4@facebook.com,Genderqueer,133.51.23.194
618,Anallise,Barten,abartenh5@npr.org,Genderqueer,43.139.24.41
619,Nady,Whilde,nwhildeh6@addtoany.com,Genderqueer,47.13.157.88
620,Jonie,Tricker,jtrickerh7@devhub.com,Non-binary,197.166.170.157
621,Klarika,Messer,kmesserh8@soundcloud.com,Genderfluid,223.55.156.170
622,Tammara,Pomphrett,tpomphretth9@lycos.com,Female,179.44.201.90
623,Virginie,Matteoni,vmatteoniha@ameblo.jp,Female,59.155.173.97
624,Lexie,Spurling,lspurlinghb@feedburner.com,Female,170.48.20.54
625,Dewie,Ledley,dledleyhc@1688.com,Male,116.232.125.119
626,Merilyn,Latour,mlatourhd@businessinsider.com,Female,77.193.0.46
627,Rubetta,Janaud,rjanaudhe@theguardian.com,Female,109.0.145.22
628,Fernando,Melmoth,fmelmothhf@wp.com,Male,81.122.244.158
629,Olive,Wittering,owitteringhg@flickr.com,Female,158.143.121.244
630,Alexandra,Ovens,aovenshh@ibm.com,Female,132.154.219.140
631,Darnall,Emloch,demlochhi@census.gov,Male,193.219.124.129
632,Fabien,Lodge,flodgehj@google.de,Male,247.152.137.173
633,Don,Cheshire,dcheshirehk@wp.com,Male,246.116.74.251
634,Arnoldo,Gasquoine,agasquoinehl@washingtonpost.com,Male,175.146.70.88
635,Blakelee,Holyard,bholyardhm@so-net.ne.jp,Female,137.38.123.61
636,Jess,de Lloyd,jdelloydhn@census.gov,Male,228.113.254.195
637,Vernice,Lindegard,vlindegardho@google.nl,Female,213.98.198.220
638,Bridgette,Beadnell,bbeadnellhp@delicious.com,Female,22.216.59.238
639,Lyn,Van Oord,lvanoordhq@toplist.cz,Male,13.82.76.41
640,Angeli,Mesant,amesanthr@mail.ru,Male,219.131.135.189
641,Evangelia,Tapsfield,etapsfieldhs@springer.com,Female,81.136.92.166
642,Niko,Eich,neichht@illinois.edu,Male,192.24.37.223
643,Natka,Stuffins,nstuffinshu@purevolume.com,Female,130.71.169.220
644,Mathew,Macveigh,mmacveighhv@cnbc.com,Male,33.44.225.10
645,Emmaline,Lempel,elempelhw@ox.ac.uk,Female,180.6.47.236
646,Erhard,Aggs,eaggshx@yahoo.com,Non-binary,158.8.170.146
647,Annalee,Gobell,agobellhy@wunderground.com,Female,35.180.97.2
648,Gleda,Vanelli,gvanellihz@ft.com,Female,83.191.41.245
649,Nicolas,MacLure,nmaclurei0@uol.com.br,Non-binary,74.94.223.255
650,Candice,Thridgould,cthridgouldi1@goodreads.com,Female,96.230.148.188
651,Karee,Lewsy,klewsyi2@pcworld.com,Female,215.39.50.88
652,Gertrudis,Chatelain,gchatelaini3@samsung.com,Female,190.34.23.228
653,Damien,Carefull,dcarefulli4@topsy.com,Male,188.195.172.34
654,Emmalyn,Manchester,emanchesteri5@about.me,Female,170.65.0.237
655,Way,Semmence,wsemmencei6@lycos.com,Male,93.138.205.4
656,Dalton,O'Mailey,domaileyi7@eventbrite.com,Male,213.115.215.183
657,Devlin,Gut,dguti8@artisteer.com,Male,120.215.151.199
658,Brand,Galton,bgaltoni9@ebay.com,Male,55.114.80.175
659,Sloane,Smewings,ssmewingsia@phpbb.com,Male,210.175.138.236
660,Madge,Strelitz,mstrelitzib@npr.org,Female,165.215.200.66
661,Eveleen,Gentile,egentileic@github.io,Female,130.166.112.63
662,Gertruda,Rendle,grendleid@bbb.org,Female,145.40.251.65
663,Tobie,Willmer,twillmerie@multiply.com,Male,1.225.190.108
664,Tadeo,Munkton,tmunktonif@irs.gov,Male,228.251.23.129
665,Roanne,Goodday,rgooddayig@yelp.com,Female,85.3.223.225
666,Clayton,Elmore,celmoreih@state.gov,Male,28.115.34.245
667,Francesca,Glavin,fglavinii@so-net.ne.jp,Female,129.129.32.170
668,Elonore,Varty,evartyij@phoca.cz,Female,246.101.249.248
669,Celene,Rosell,crosellik@sbwire.com,Female,7.217.36.199
670,Glyn,Pfaff,gpfaffil@ebay.com,Bigender,125.162.167.187
671,Prentice,Donan,pdonanim@eventbrite.com,Male,95.235.130.147
672,Morganne,Orans,moransin@nasa.gov,Female,44.252.30.45
673,Tobie,Bouzek,tbouzekio@europa.eu,Male,228.195.184.57
674,Webb,Orable,worableip@goo.ne.jp,Male,247.61.10.245
675,Cassie,Jobson,cjobsoniq@purevolume.com,Male,94.152.117.109
676,Pincas,Ethridge,pethridgeir@japanpost.jp,Male,239.42.185.23
677,Ariel,Carabet,acarabetis@ucsd.edu,Female,79.55.198.130
678,Edmon,Marcinkus,emarcinkusit@harvard.edu,Male,244.108.84.161
679,Jess,Moseley,jmoseleyiu@google.com.hk,Male,163.34.68.196
680,Dame,Ashingden,dashingdeniv@phpbb.com,Male,103.249.49.56
681,Latrena,Codlin,lcodliniw@virginia.edu,Female,0.99.33.0
682,Rhodia,Janjic,rjanjicix@wikispaces.com,Female,131.153.166.219
683,Ky,Arrington,karringtoniy@hexun.com,Male,166.143.35.194
684,Adler,Stopforth,astopforthiz@flavors.me,Male,253.152.157.108
685,Alexa,Mulroy,amulroyj0@simplemachines.org,Non-binary,244.53.13.20
686,Sibella,Johnigan,sjohniganj1@prweb.com,Female,47.68.148.149
687,Myer,Giron,mgironj2@4shared.com,Male,133.91.7.10
688,Sheff,Ingolotti,singolottij3@tiny.cc,Male,186.100.162.90
689,Saree,Depke,sdepkej4@sfgate.com,Agender,53.19.215.134
690,Hieronymus,Nuschke,hnuschkej5@mlb.com,Genderfluid,37.135.142.201
691,Carolina,Quixley,cquixleyj6@geocities.com,Female,165.198.241.132
692,My,Gruczka,mgruczkaj7@techcrunch.com,Male,12.134.115.67
693,Geordie,Shank,gshankj8@ycombinator.com,Male,92.67.77.186
694,Gussie,Grindall,ggrindallj9@alibaba.com,Female,201.66.152.169
695,Hollis,Cornwall,hcornwallja@macromedia.com,Male,67.33.201.145
696,Farr,Northfield,fnorthfieldjb@trellian.com,Male,181.61.101.236
697,Salem,Habishaw,shabishawjc@vinaora.com,Male,61.23.15.25
698,Hilton,Lob,hlobjd@cornell.edu,Agender,110.194.101.21
699,Cello,Shurey,cshureyje@fema.gov,Male,195.14.171.164
700,Tanney,Speedin,tspeedinjf@dmoz.org,Male,142.24.200.156
701,Marla,Sconce,msconcejg@shutterfly.com,Female,228.183.43.68
702,Obediah,Baumann,obaumannjh@netlog.com,Male,239.87.158.207
703,Elston,Wrathmell,ewrathmellji@sogou.com,Agender,238.213.26.127
704,Conrad,Castelijn,ccastelijnjj@sciencedirect.com,Male,190.160.255.23
705,Catharina,Hymers,chymersjk@timesonline.co.uk,Female,58.225.202.150
706,Constantine,Urquhart,curquhartjl@nydailynews.com,Male,18.48.86.81
707,Jandy,Gummie,jgummiejm@rediff.com,Bigender,197.18.62.191
708,Delores,Hynard,dhynardjn@unc.edu,Female,164.100.236.122
709,Phip,Bahl,pbahljo@walmart.com,Male,69.228.122.253
710,Henri,Gantz,hgantzjp@cargocollective.com,Male,231.34.231.78
711,Tisha,Grigorescu,tgrigorescujq@un.org,Female,183.211.69.49
712,Clemmie,Loveredge,cloveredgejr@rakuten.co.jp,Female,11.17.182.130
713,Roanne,Badsworth,rbadsworthjs@accuweather.com,Female,246.143.33.86
714,Edin,Ruprechter,eruprechterjt@admin.ch,Female,254.4.179.220
715,Eliza,Sallier,esallierju@chron.com,Female,152.79.117.115
716,Eleanore,Estevez,eestevezjv@uol.com.br,Female,243.216.239.102
717,Hermann,Sinkinson,hsinkinsonjw@phpbb.com,Male,65.161.230.176
718,Hestia,Carluccio,hcarlucciojx@cdbaby.com,Female,194.76.167.117
719,Hazlett,O'Sherin,hosherinjy@cdc.gov,Male,111.218.203.114
720,Janine,Batho,jbathojz@pagesperso-orange.fr,Bigender,112.95.106.62
721,Ariela,Enbury,aenburyk0@ihg.com,Genderqueer,78.208.130.148
722,Jamey,Rickets,jricketsk1@networkadvertising.org,Male,7.4.43.74
723,Ddene,Dumini,dduminik2@tiny.cc,Female,129.23.198.229
724,Silva,Carff,scarffk3@webmd.com,Female,231.160.59.25
725,Fleur,Yannoni,fyannonik4@eventbrite.com,Female,228.13.89.99
726,Vera,Ferreres,vferreresk5@hao123.com,Female,45.98.70.47
727,Krissy,Dudmarsh,kdudmarshk6@walmart.com,Female,156.165.159.183
728,Panchito,Greenaway,pgreenawayk7@mail.ru,Male,11.152.131.255
729,Justis,Kleine,jkleinek8@drupal.org,Male,197.5.169.132
730,Skye,Ferreras,sferrerask9@ca.gov,Male,138.150.69.8
731,Velma,Eagle,veagleka@pagesperso-orange.fr,Female,112.130.65.93
732,Zaneta,Swiffan,zswiffankb@furl.net,Polygender,215.191.0.69
733,Carny,Bordessa,cbordessakc@jiathis.com,Male,28.198.92.108
734,Kingston,Alpes,kalpeskd@senate.gov,Male,109.88.101.156
735,Kirsti,Cockshott,kcockshottke@chicagotribune.com,Female,80.71.114.119
736,Karney,Tatersale,ktatersalekf@facebook.com,Male,208.92.63.80
737,Salomi,Yandle,syandlekg@typepad.com,Agender,50.13.13.222
738,Beltran,MacFarland,bmacfarlandkh@jiathis.com,Male,173.38.204.71
739,Sherry,Lahrs,slahrski@phpbb.com,Female,245.222.251.157
740,Leroy,Godsil,lgodsilkj@scientificamerican.com,Male,210.179.90.170
741,Ginny,Bagniuk,gbagniukkk@sphinn.com,Female,42.212.111.190
742,Barbaraanne,Woodfine,bwoodfinekl@google.ca,Female,34.215.6.185
743,Gerhardine,Hail,ghailkm@posterous.com,Non-binary,209.16.229.70
744,Benoit,McCaughan,bmccaughankn@yandex.ru,Genderqueer,61.225.125.117
745,Kirsti,Antonietti,kantoniettiko@google.ru,Female,46.106.111.151
746,Corilla,Kernock,ckernockkp@fema.gov,Female,136.201.130.157
747,Cecilio,Gyse,cgysekq@patch.com,Male,74.161.41.88
748,Jorry,Durnill,jdurnillkr@hp.com,Female,231.113.172.104
749,Leah,Pettifer,lpettiferks@wikipedia.org,Agender,95.181.214.241
750,Casey,Palfrie,cpalfriekt@privacy.gov.au,Female,173.224.252.82
751,Ervin,Scole,escoleku@mapy.cz,Male,160.103.212.182
752,Aurore,Shoard,ashoardkv@g.co,Female,32.33.222.115
753,Hurleigh,McCloughlin,hmccloughlinkw@booking.com,Bigender,239.249.46.86
754,Ara,Bulbrook,abulbrookkx@simplemachines.org,Male,18.60.41.131
755,Jude,Adie,jadieky@admin.ch,Male,101.62.238.41
756,Mirilla,Hards,mhardskz@webnode.com,Female,93.179.159.150
757,Neils,Iacovino,niacovinol0@gmpg.org,Male,94.171.191.232
758,Jasmine,Roalfe,jroalfel1@ihg.com,Female,62.97.229.194
759,Betty,MacGahey,bmacgaheyl2@earthlink.net,Genderfluid,244.30.25.131
760,Sigvard,Widdall,swiddalll3@businessweek.com,Male,115.191.171.149
761,Cort,Rebert,crebertl4@accuweather.com,Male,74.203.20.55
762,Barny,Bloggett,bbloggettl5@cisco.com,Male,78.95.81.161
763,Zitella,Legion,zlegionl6@hhs.gov,Female,41.38.252.167
764,Heddie,Morten,hmortenl7@goo.ne.jp,Female,220.163.48.247
765,Che,Sive,csivel8@elpais.com,Male,43.70.138.73
766,Angelique,Goodanew,agoodanewl9@typepad.com,Female,172.172.89.222
767,Karoly,Ternouth,kternouthla@odnoklassniki.ru,Male,203.255.235.42
768,Helen,Lambshine,hlambshinelb@sina.com.cn,Female,86.58.192.94
769,Remy,Richfield,rrichfieldlc@simplemachines.org,Female,171.45.185.61
770,Byran,Wondraschek,bwondraschekld@house.gov,Male,64.25.186.4
771,Skelly,Theunissen,stheunissenle@ycombinator.com,Genderfluid,175.158.208.54
772,Homere,Semiras,hsemiraslf@toplist.cz,Male,120.166.167.47
773,Murvyn,Esser,messerlg@wsj.com,Male,86.89.229.235
774,Fredericka,Le Hucquet,flehucquetlh@dedecms.com,Female,39.211.101.98
775,Morten,Ellingsworth,mellingsworthli@wufoo.com,Male,137.114.154.49
776,Gayelord,Belfrage,gbelfragelj@nydailynews.com,Genderqueer,130.84.26.27
777,Royall,McNevin,rmcnevinlk@facebook.com,Male,101.2.232.161
778,Walton,Restill,wrestillll@si.edu,Male,45.200.120.195
779,Kaylee,Gellately,kgellatelylm@timesonline.co.uk,Polygender,4.249.52.93
780,Delia,Skurray,dskurrayln@privacy.gov.au,Female,221.98.180.31
781,Johan,Docket,jdocketlo@51.la,Male,174.91.88.129
782,Kelila,Dorracott,kdorracottlp@squarespace.com,Female,98.172.195.159
783,Geno,Edgin,gedginlq@intel.com,Male,60.149.196.225
784,Brandon,Mundell,bmundelllr@europa.eu,Male,102.235.174.234
785,Gareth,Sobtka,gsobtkals@epa.gov,Non-binary,48.95.44.165
786,Zonda,Vagges,zvaggeslt@globo.com,Female,179.184.6.45
787,Carita,McCaighey,cmccaigheylu@amazon.de,Female,102.193.26.122
788,Sapphire,Wicks,swickslv@geocities.com,Female,163.8.177.104
789,Heddie,Andreolli,handreollilw@wp.com,Female,77.202.109.253
790,Kaleb,Heymes,kheymeslx@imgur.com,Male,157.100.56.15
791,Enoch,Gildersleeve,egildersleevely@ning.com,Male,254.120.64.27
792,Gracie,Raper,graperlz@bloomberg.com,Female,244.152.231.185
793,Pavia,Brace,pbracem0@weibo.com,Female,150.83.220.180
794,Letti,Kinnen,lkinnenm1@wikispaces.com,Female,188.15.122.5
795,Andrus,Leteurtre,aleteurtrem2@ca.gov,Polygender,44.56.211.21
796,Nessa,Ferretti,nferrettim3@nydailynews.com,Female,247.206.5.95
797,Aimil,Shipston,ashipstonm4@de.vu,Non-binary,221.165.69.143
798,Coral,Worling,cworlingm5@mysql.com,Female,124.17.89.150
799,Rip,Gheorghescu,rgheorghescum6@bravesites.com,Male,20.159.106.193
800,Archer,Grice,agricem7@mail.ru,Male,145.173.34.92
801,Simonette,De Rye Barrett,sderyebarrettm8@npr.org,Female,179.56.16.188
802,Latrina,Strowlger,lstrowlgerm9@loc.gov,Female,29.144.96.14
803,Frederich,Lyddyard,flyddyardma@wikimedia.org,Male,6.183.192.51
804,Gavan,Messiter,gmessitermb@oakley.com,Male,87.48.161.134
805,Laverna,Whitelaw,lwhitelawmc@1und1.de,Agender,190.65.44.5
806,Zachary,Ketteman,zkettemanmd@ox.ac.uk,Bigender,212.211.203.122
807,Jacklin,Scothorn,jscothornme@newsvine.com,Female,66.95.101.234
808,Meta,Dike,mdikemf@ameblo.jp,Female,183.28.54.202
809,Stefa,Wyles,swylesmg@google.de,Female,66.75.103.199
810,Lynea,Glader,lgladermh@tripod.com,Female,103.61.89.73
811,Brooke,Freer,bfreermi@ucla.edu,Male,247.53.100.152
812,Ame,Innot,ainnotmj@flavors.me,Female,180.194.193.118
813,Bren,Gadd,bgaddmk@google.com.br,Male,30.9.235.1
814,Leslie,De Banke,ldebankeml@psu.edu,Male,91.144.255.189
815,Laird,Dilks,ldilksmm@stumbleupon.com,Male,201.31.143.105
816,Domeniga,Morfield,dmorfieldmn@gravatar.com,Female,91.122.156.251
817,Gaspard,Huncoot,ghuncootmo@paypal.com,Male,21.194.38.5
818,Patton,Shackell,pshackellmp@engadget.com,Male,57.252.248.61
819,Baird,Neubigging,bneubiggingmq@sun.com,Male,45.106.148.134
820,Benedicta,Eckh,beckhmr@etsy.com,Female,80.228.209.144
821,Horten,Pickett,hpickettms@mac.com,Male,250.47.50.223
822,Margot,Blatchford,mblatchfordmt@hc360.com,Bigender,145.36.192.104
823,Bart,Calliss,bcallissmu@newsvine.com,Male,132.4.169.49
824,Paddie,O'Doireidh,podoireidhmv@java.com,Male,109.134.130.102
825,Mommy,Vlasyuk,mvlasyukmw@fastcompany.com,Female,63.58.86.241
826,Derby,McMychem,dmcmychemmx@geocities.com,Male,48.126.37.191
827,Querida,Estable,qestablemy@nymag.com,Female,130.128.176.35
828,Marvin,Owtram,mowtrammz@ehow.com,Male,83.28.218.123
829,Montgomery,Hollerin,mhollerinn0@comsenz.com,Male,73.216.2.179
830,Ari,Francisco,afranciscon1@elpais.com,Male,63.66.64.209
831,Ad,Trickett,atrickettn2@issuu.com,Male,123.203.78.81
832,Austine,De Benedetti,adebenedettin3@wikimedia.org,Female,99.209.190.121
833,Sasha,Okker,sokkern4@google.com.hk,Female,18.102.59.13
834,Herold,Haugeh,hhaugehn5@linkedin.com,Male,1.240.75.216
835,Dukey,Gatus,dgatusn6@sbwire.com,Male,142.104.37.176
836,Linn,Leversha,llevershan7@ucoz.ru,Male,217.25.74.146
837,Franky,Udell,fudelln8@accuweather.com,Male,247.222.222.92
838,Donall,Malcolm,dmalcolmn9@geocities.com,Male,20.56.214.204
839,Frankie,Hawksby,fhawksbyna@prweb.com,Polygender,138.126.160.92
840,Skippie,Skipsea,sskipseanb@wikispaces.com,Male,198.202.56.30
841,Audrey,Morphew,amorphewnc@bloglovin.com,Female,76.13.25.38
842,Austina,Perelli,aperellind@google.com.hk,Female,197.196.58.255
843,Raddie,Oakley,roakleyne@ed.gov,Male,177.241.11.235
844,Ricky,Minguet,rminguetnf@ustream.tv,Female,53.150.247.8
845,Calvin,Eriksson,cerikssonng@europa.eu,Male,30.149.178.95
846,Kort,Fatscher,kfatschernh@yellowpages.com,Male,155.192.156.183
847,Keary,Tomanek,ktomanekni@com.com,Male,7.178.127.250
848,Udall,Vicioso,uviciosonj@altervista.org,Male,239.16.209.147
849,Madeleine,Cahan,mcahannk@dyndns.org,Female,86.236.104.41
850,Jacqueline,Renzo,jrenzonl@cisco.com,Female,94.129.13.58
851,Rutger,Mazzilli,rmazzillinm@dell.com,Male,210.174.39.50
852,Mikey,Geraldo,mgeraldonn@purevolume.com,Male,241.72.237.146
853,Dex,McRae,dmcraeno@indiegogo.com,Male,189.63.125.123
854,Carney,Panons,cpanonsnp@ezinearticles.com,Male,44.210.189.165
855,Grove,Jewar,gjewarnq@techcrunch.com,Male,126.121.72.16
856,Theresita,Barszczewski,tbarszczewskinr@prlog.org,Female,122.15.52.129
857,Carmine,Legonidec,clegonidecns@guardian.co.uk,Male,156.51.113.85
858,Conny,Nornable,cnornablent@sina.com.cn,Male,50.133.37.246
859,Anders,Gee,ageenu@cmu.edu,Male,155.27.254.48
860,Sonja,Simson,ssimsonnv@bloglovin.com,Female,214.163.91.241
861,Dreddy,Cammomile,dcammomilenw@patch.com,Female,104.7.162.62
862,Kiel,Whines,kwhinesnx@livejournal.com,Male,173.212.239.28
863,Garrik,Cato,gcatony@cbslocal.com,Male,211.80.143.102
864,Rube,Fettes,rfettesnz@bbc.co.uk,Male,29.239.54.98
865,Feodor,Hartil,fhartilo0@va.gov,Male,56.189.56.207
866,Gwendolen,Philipsohn,gphilipsohno1@ucla.edu,Female,141.49.193.129
867,Ingelbert,Dalglish,idalglisho2@w3.org,Male,8.46.15.191
868,Maitilde,Slack,mslacko3@liveinternet.ru,Agender,78.161.142.114
869,Misha,Ben,mbeno4@sciencedirect.com,Female,87.50.182.26
870,Lisle,Cunnah,lcunnaho5@paginegialle.it,Male,222.161.101.129
871,Ingra,Stockwell,istockwello6@smugmug.com,Male,94.183.25.235
872,Ulla,Klulik,ukluliko7@ow.ly,Female,252.98.75.44
873,Berry,Alyukin,balyukino8@symantec.com,Female,20.133.118.155
874,Bobbye,Inglish,binglisho9@nytimes.com,Female,83.18.40.209
875,Flo,Thoumasson,fthoumassonoa@hud.gov,Female,35.147.77.241
876,Zebedee,Meneghelli,zmeneghelliob@cbc.ca,Male,195.152.64.38
877,Christian,Ivushkin,civushkinoc@google.com.hk,Male,249.79.22.200
878,Prent,MacNab,pmacnabod@vk.com,Male,172.61.221.103
879,Kimbra,Beattie,kbeattieoe@exblog.jp,Female,1.186.154.113
880,Ilka,Muro,imuroof@wufoo.com,Female,110.101.204.211
881,Else,Bunnell,ebunnellog@edublogs.org,Female,114.145.77.197
882,Suellen,Nodin,snodinoh@berkeley.edu,Female,165.121.218.189
883,Mata,Keyworth,mkeyworthoi@latimes.com,Male,186.8.237.3
884,Britteny,Ferminger,bfermingeroj@altervista.org,Female,171.74.62.129
885,Derrek,Perutto,dperuttook@live.com,Male,170.48.72.161
886,Katie,Revance,krevanceol@themeforest.net,Female,86.136.148.191
887,Nadiya,Priver,npriverom@twitter.com,Non-binary,180.117.90.118
888,Giffie,Pretor,gpretoron@fema.gov,Male,50.60.44.180
889,Desiri,Gipp,dgippoo@sbwire.com,Female,217.193.22.92
890,Thorstein,Trowbridge,ttrowbridgeop@cbslocal.com,Male,162.122.123.146
891,Karoly,Jakoubec,kjakoubecoq@taobao.com,Female,226.168.253.148
892,Page,Ciabatteri,pciabatterior@wufoo.com,Female,2.42.89.10
893,Gallard,Tidy,gtidyos@e-recht24.de,Male,103.25.220.183
894,Kahlil,Schuricht,kschurichtot@cbc.ca,Male,91.43.21.165
895,Loren,Haslegrave,lhaslegraveou@sourceforge.net,Male,30.108.114.74
896,Rockey,Stovold,rstovoldov@ustream.tv,Male,141.36.228.239
897,Dominik,Mully,dmullyow@canalblog.com,Male,112.59.243.134
898,Lorrie,Beazley,lbeazleyox@about.com,Female,162.154.215.143
899,Bliss,Cranmore,bcranmoreoy@aol.com,Female,129.163.174.110
900,Franny,Livesley,flivesleyoz@wix.com,Female,155.3.249.158
901,Saunders,Brockhouse,sbrockhousep0@wix.com,Male,61.202.161.67
902,Lezlie,Ilyinski,lilyinskip1@dedecms.com,Non-binary,167.209.129.153
903,Natal,Robjant,nrobjantp2@europa.eu,Male,148.104.174.197
904,Marylin,Cato,mcatop3@netscape.com,Female,220.238.68.63
905,Ernaline,Cockshtt,ecockshttp4@webnode.com,Female,54.204.51.243
906,Rochester,Rentoll,rrentollp5@chicagotribune.com,Male,177.253.51.32
907,Taryn,Maddy,tmaddyp6@rambler.ru,Female,68.226.131.188
908,Moria,Durtnall,mdurtnallp7@statcounter.com,Female,33.135.203.253
909,Valerie,Hablot,vhablotp8@mail.ru,Female,26.143.184.227
910,Towney,Downs,tdownsp9@globo.com,Male,110.124.33.207
911,Thedric,Woolmer,twoolmerpa@telegraph.co.uk,Male,105.136.118.172
912,Godiva,Lappin,glappinpb@unesco.org,Genderqueer,206.185.171.47
913,Kendall,Anderl,kanderlpc@gravatar.com,Male,239.97.90.244
914,Lewes,Choak,lchoakpd@clickbank.net,Male,50.14.188.169
915,Ilene,Selway,iselwaype@google.it,Non-binary,199.171.123.144
916,Phil,Southward,psouthwardpf@geocities.jp,Male,12.71.255.195
917,Ardisj,Ronci,aroncipg@amazon.co.jp,Female,113.167.21.36
918,Ella,Safhill,esafhillph@patch.com,Genderfluid,66.12.149.59
919,Zelma,Sandercroft,zsandercroftpi@unblog.fr,Female,246.211.224.246
920,Cristiano,Wainscot,cwainscotpj@cisco.com,Male,198.73.194.162
921,Jenny,Francescuzzi,jfrancescuzzipk@unicef.org,Female,171.129.181.244
922,Ann,Nellen,anellenpl@livejournal.com,Female,78.47.178.115
923,Kain,Highton,khightonpm@cbsnews.com,Male,208.21.202.165
924,Orland,Byrd,obyrdpn@nasa.gov,Male,95.3.255.12
925,Doralynne,Pighills,dpighillspo@sphinn.com,Female,54.182.95.185
926,Lauren,Garroway,lgarrowaypp@bloglovin.com,Genderfluid,90.125.52.225
927,Sarge,Cosby,scosbypq@epa.gov,Male,19.153.235.26
928,Wilek,Stoile,wstoilepr@ucoz.com,Male,39.168.160.183
929,Ervin,Garforth,egarforthps@phoca.cz,Male,77.20.182.139
930,Danielle,Beccero,dbecceropt@pagesperso-orange.fr,Female,212.78.13.16
931,Brynna,Wigmore,bwigmorepu@sbwire.com,Genderfluid,172.43.71.82
932,Esra,McGavigan,emcgaviganpv@lycos.com,Male,205.212.76.57
933,Keane,Wreakes,kwreakespw@freewebs.com,Male,232.170.35.230
934,Tades,Grafom,tgrafompx@icio.us,Bigender,241.65.99.31
935,Cleavland,Arnoll,carnollpy@phpbb.com,Male,61.146.91.226
936,Arleen,Wallbrook,awallbrookpz@bloomberg.com,Female,208.41.80.189
937,Gunilla,Hellewell,ghellewellq0@reddit.com,Female,75.237.88.141
938,Waverly,Pond,wpondq1@google.com.au,Male,172.196.4.97
939,Joscelin,Bestall,jbestallq2@umich.edu,Female,21.176.5.149
940,Aloisia,Ackers,aackersq3@desdev.cn,Non-binary,107.91.174.140
941,Collin,Josowitz,cjosowitzq4@slashdot.org,Male,182.171.116.180
942,Ida,Flay,iflayq5@chicagotribune.com,Female,116.106.143.214
943,August,Sleford,aslefordq6@tripadvisor.com,Male,126.196.171.139
944,Shelia,Toone,stooneq7@weibo.com,Female,47.162.247.179
945,Krista,Lenaghen,klenaghenq8@histats.com,Female,188.242.27.65
946,Louise,Adanez,ladanezq9@oaic.gov.au,Female,222.81.120.171
947,Constancy,Eilhermann,ceilhermannqa@sphinn.com,Female,83.70.186.5
948,Frannie,Benjefield,fbenjefieldqb@cbsnews.com,Female,250.71.228.55
949,My,Tomasek,mtomasekqc@sphinn.com,Male,95.251.23.234
950,Muriel,O'Hartagan,mohartaganqd@opensource.org,Female,134.99.8.253
951,Bondon,Stearley,bstearleyqe@alibaba.com,Male,87.107.236.56
952,Lemuel,Bercevelo,lberceveloqf@naver.com,Genderfluid,248.133.36.210
953,Omero,Isakson,oisaksonqg@e-recht24.de,Male,239.119.178.20
954,Doris,Lowfill,dlowfillqh@salon.com,Female,196.195.173.134
955,Urson,Windsor,uwindsorqi@narod.ru,Male,17.141.112.235
956,Winonah,Blancowe,wblancoweqj@cyberchimps.com,Female,34.4.103.122
957,Archibald,Wrey,awreyqk@opera.com,Male,65.2.151.19
958,Warren,Mickleborough,wmickleboroughql@springer.com,Male,95.223.184.161
959,Padgett,Mosco,pmoscoqm@youtube.com,Male,249.25.151.15
960,Ashien,Jaram,ajaramqn@bravesites.com,Female,214.1.100.172
961,Con,Lucchi,clucchiqo@senate.gov,Female,84.171.27.255
962,Novelia,Innman,ninnmanqp@paypal.com,Female,187.172.161.41
963,Anders,Suerz,asuerzqq@seesaa.net,Male,136.183.80.169
964,Brucie,Cavy,bcavyqr@ezinearticles.com,Male,22.133.65.238
965,Shelley,Kilroy,skilroyqs@icio.us,Female,129.85.87.14
966,Edna,Bisseker,ebissekerqt@statcounter.com,Bigender,181.130.8.247
967,Ashley,Woolliams,awoolliamsqu@tmall.com,Male,130.51.203.28
968,Jarid,Monnery,jmonneryqv@google.com.au,Male,247.152.231.212
969,Rossie,Hamprecht,rhamprechtqw@spotify.com,Male,78.199.109.202
970,Kylen,Faulconbridge,kfaulconbridgeqx@topsy.com,Female,187.6.205.170
971,Dayna,Pamplin,dpamplinqy@aboutads.info,Female,83.189.254.246
972,Dave,Josh,djoshqz@dyndns.org,Male,67.243.248.214
973,Alwin,McLucas,amclucasr0@spotify.com,Male,72.99.15.5
974,Jilli,Mackerness,jmackernessr1@blog.com,Female,119.237.82.142
975,Evangelia,Pixton,epixtonr2@sphinn.com,Female,46.45.125.251
976,Yorgo,Lumly,ylumlyr3@sciencedaily.com,Male,23.43.230.68
977,Kristyn,Le Franc,klefrancr4@over-blog.com,Female,206.53.167.159
978,Arin,Kingscote,akingscoter5@webs.com,Male,66.93.157.22
979,Tommie,Bufton,tbuftonr6@yandex.ru,Female,41.199.230.40
980,Carmelia,Wandless,cwandlessr7@mlb.com,Bigender,80.198.94.158
981,Nerty,Lincoln,nlincolnr8@loc.gov,Female,12.199.82.250
982,Roscoe,Gresswood,rgresswoodr9@bandcamp.com,Male,43.178.81.155
983,Kerianne,Jaray,kjarayra@ehow.com,Female,196.231.36.248
984,Falito,Arnely,farnelyrb@shutterfly.com,Male,39.124.84.15
985,Ritchie,Belloch,rbellochrc@google.co.jp,Male,184.103.173.248
986,Hymie,Boggis,hboggisrd@house.gov,Male,32.146.2.233
987,Chanda,Goodinge,cgoodingere@webs.com,Female,107.29.145.195
988,Alexio,Daniau,adaniaurf@angelfire.com,Male,62.195.118.57
989,Andrus,Capehorn,acapehornrg@cam.ac.uk,Male,211.117.218.237
990,Kelila,Burrett,kburrettrh@indiatimes.com,Non-binary,125.136.255.118
991,Melisenda,Skill,mskillri@google.es,Female,21.66.74.168
992,Werner,Crippen,wcrippenrj@mozilla.org,Male,208.27.40.208
993,Vanna,Jorry,vjorryrk@webnode.com,Female,78.213.26.151
994,Washington,Dowdeswell,wdowdeswellrl@jiathis.com,Male,200.90.92.205
995,Stavros,Bovingdon,sbovingdonrm@dyndns.org,Male,52.215.53.28
996,Dougie,Bartens,dbartensrn@ebay.com,Non-binary,201.8.254.93
997,Dulcy,Dawidowsky,ddawidowskyro@deliciousdays.com,Bigender,155.122.57.68
998,Walton,Goard,wgoardrp@mysql.com,Male,168.145.7.207
999,Sal,Casburn,scasburnrq@bing.com,Female,228.79.211.66
1000,Bondon,O' Byrne,bobyrnerr@tiny.cc,Male,75.49.81.34
